destination_id,name,type,url,image[0].url,address.addr1,address.city,address.region,address.postal_code,address.country,latitude,longitude,description,status,custom_label_0,custom_label_1
6395182495,Siena,destination,https://daytrip.com/en/transfers/siena-it,https://raw.githubusercontent.com/kubaivanov/pictures/main/meta/italy-50/siena--italy--reddit-square.png,"53100 Siena, Province of Siena, Italy",Siena,Tuscany,53100,Italy,43.318808999999987,11.3307574,"From one of the country's most beautiful Gothic cathedrals to an exciting urban horserace, life in this UNESCO-listed hilltop city revolves around the central square.",active,Italy,Europe
6395182656,Ragusa,destination,https://daytrip.com/en/transfers/ragusa-it,https://raw.githubusercontent.com/kubaivanov/pictures/main/meta/italy-50/ragusa--italy--reddit-square.png,"97100 Ragusa, Province of Ragusa, Italy",Ragusa,Sicily,97100,Italy,36.9269273,14.7255129,"For centuries, this UNESCO World Heritage Site was two separate cities, meaning its doubly full of beautiful Baroque architecture.",active,Italy,Europe
6395182657,Alberobello,destination,https://daytrip.com/en/transfers/alberobello-it,https://raw.githubusercontent.com/kubaivanov/pictures/main/meta/italy-50/alberobello--italy--reddit-square.png,"70011 Alberobello, Metropolitan City of Bari, Italy",Alberobello,Apulia,70011,Italy,40.7864131,17.240936,"The traditional, cone-roofed 'Trulli' houses in this picturesque village are so distinctive, they're a UNESCO World Heritage Site.",active,Italy,Europe
6395182661,Naples,destination,https://daytrip.com/en/transfers/naples-it,https://raw.githubusercontent.com/kubaivanov/pictures/main/meta/italy-50/naples--italy--reddit-square.png,"Naples, Italy",Naples,Campania,80138,Italy,40.8517746,14.2681244,"Food lovers will rejoice as they explore Naples, the city of pasta, coffee, and most importantly, pizza.",active,Italy,Europe
6395182670,La Spezia,destination,https://daytrip.com/en/transfers/la-spezia-it,https://raw.githubusercontent.com/kubaivanov/pictures/main/meta/italy-50/la-spezia--italy--reddit-square.png,"La Spezia, SP, Italy",La Spezia,Liguria,19121,Italy,44.1024504,9.8240825999999988,"Since the days of the Roman Empire La Spezia has been one of the region's most important ports and trade centers. It's also home to Italy's largest naval base. Many travelers overlook that it also has an atmospheric Old Town and is a great base for exploring the surrounding area. Walking the narrow lanes, it's still possible to see architectural elements ranging from engraved 14th century portals to double lancet windows, baroque pediments, and embellishments often seen on Renaissance palaces. The Basilica of Santa Maria Assunta offers a survey of changing architectural styles as it took 600 years to fully complete. For a more nuanced look at Italian history, head to the 13th century San Giorgio Castle, which has an archaeological museum with artefacts dating back to the Copper Age. The Naval Technical Museum offers fascinating insights into Italian naval history with fantastic displays like cannons, dive suits, model ships, and control panels from battleships.",active,Italy,Europe
6395182674,Cefalu,destination,https://daytrip.com/en/transfers/cefalu-it,https://raw.githubusercontent.com/kubaivanov/pictures/main/meta/italy-50/cefalu--italy--reddit-square.png,"90015 Cefalù, Province of Palermo, Italy",Cefalu,Sicily,90015,Italy,38.035023786267637,14.021161028588836,"With one of Sicily's finest beaches, and a UNESCO-listed cathedral, this picturesque medieval village is a coastal jewel.",active,Italy,Europe
6395182675,Modena,destination,https://daytrip.com/en/transfers/modena-it,https://raw.githubusercontent.com/kubaivanov/pictures/main/meta/italy-50/modena--italy--reddit-square.png,"Modena, Province of Modena, Italy",Modena,Emilia-Romagna,41121,Italy,44.647128,10.9252269,"Modena, a town known for its architectural gems and contributions to the art of cooking, is also home to the famous sports car—the Ferrari.",active,Italy,Europe
6395182676,Padua,destination,https://daytrip.com/en/transfers/padua-it,https://raw.githubusercontent.com/kubaivanov/pictures/main/meta/italy-50/padua--italy--reddit-square.png,"Padua, Province of Padua, Italy",Padua,Veneto,35122,Italy,45.4064349,11.8767611,"Home to Italy's second oldest university, the 14th-century frescoes scattered throughout this ancient city make up a UNESCO World Heritage Site.",active,Italy,Europe
6395182693,Agrigento,destination,https://daytrip.com/en/transfers/agrigento-it,https://raw.githubusercontent.com/kubaivanov/pictures/main/meta/italy-50/agrigento--italy--reddit-square.png,"92100 Agrigento, AG, Italy",Agrigento,Sicily,92100,Italy,37.3094075,13.5859823,"Sitting above the UNESCO-listed Valley of the Temples, modern Agrigento has a criminally overlooked historic center.",active,Italy,Europe
6395182695,Ravello,destination,https://daytrip.com/en/transfers/ravello-it,https://raw.githubusercontent.com/kubaivanov/pictures/main/meta/italy-50/ravello--italy--reddit-square.png,"84010 Ravello, Province of Salerno, Italy",Ravello,Campania,84010,Italy,40.6491886,14.6117112,"With its sweeping views and luscious gardens, this UNESCO-listed town has conquered the hearts of many artists and intellectuals.",active,Italy,Europe
6395182710,Ravenna,destination,https://daytrip.com/en/transfers/ravenna-it,https://raw.githubusercontent.com/kubaivanov/pictures/main/meta/italy-50/ravenna--italy--reddit-square.png,"Ravenna, Province of Ravenna, Italy",Ravenna,Emilia-Romagna,48121,Italy,44.4183598,12.2035294,"Ravenna has one of the most impressive collections of Christian mosaic artwork, deemed of the utmost importance once Ravenna joined the UNESCO World Heritage list in 1996.",active,Italy,Europe
6395182715,Polignano a Mare,destination,https://daytrip.com/en/transfers/polignano-a-mare-it,https://raw.githubusercontent.com/kubaivanov/pictures/main/meta/italy-50/polignano-a-mare--italy--reddit-square.png,"70044 Polignano a Mare, Metropolitan City of Bari, Italy",Polignano a Mare,Apulia,70044,Italy,40.9948996,17.2225389,"This picturesque town is a sleepy seaside escape, except when it's hosting the Red Bull cliff-diving competition.",active,Italy,Europe
6395182721,Matera,destination,https://daytrip.com/en/transfers/matera-it,https://raw.githubusercontent.com/kubaivanov/pictures/main/meta/italy-50/matera--italy--reddit-square.png,"75100 Matera, Province of Matera, Italy",Matera,Basilicata,75100,Italy,40.666379,16.6043199,"This UNESCO-listed town's cave-dwellings, which are still used today, are thought to be the first human settlement in Italy.",active,Italy,Europe
6395182723,Bellagio,destination,https://daytrip.com/en/transfers/bellagio-it,https://raw.githubusercontent.com/kubaivanov/pictures/main/meta/italy-50/bellagio--italy--reddit-square.png,"22021 Bellagio CO, Italy",Bellagio,Lombardy,22021,Italy,45.9782492,9.2588490999999991,This charming town and its many beautiful villas sits directly on the water between the two branches of Lake Como.,active,Italy,Europe
6395182728,Parma,destination,https://daytrip.com/en/transfers/parma-it,https://raw.githubusercontent.com/kubaivanov/pictures/main/meta/italy-50/parma--italy--reddit-square.png,"Parma, Province of Parma, Italy",Parma,Emilia-Romagna,43121,Italy,44.801485,10.3279036,"Located in the northern Italian region of Emilia-Romagna lies the elegant city of Parma, famous for its gastronomy, architecture, and music.",active,Italy,Europe
6395182729,Noto,destination,https://daytrip.com/en/transfers/noto-it,https://raw.githubusercontent.com/kubaivanov/pictures/main/meta/italy-50/noto--italy--reddit-square.png,"96017 Noto SR, Italy",Noto,Sicily,96017,Italy,36.8924433,15.0651945,This UNESCO-listed city is abloom with elegant Baroque monuments.,active,Italy,Europe
6395182731,Lecce,destination,https://daytrip.com/en/transfers/lecce-it,https://raw.githubusercontent.com/kubaivanov/pictures/main/meta/italy-50/lecce--italy--reddit-square.png,"73100 Lecce, Province of Lecce, Italy",Lecce,Apulia,73100,Italy,40.3515155,18.1750161,"From Roman ruins to distinctive Baroque architecture, this ancient city is an architectural gem.",active,Italy,Europe
6395182737,Venice,destination,https://daytrip.com/en/transfers/venice-it,https://raw.githubusercontent.com/kubaivanov/pictures/main/meta/italy-50/venice--italy--reddit-square.png,"Venice, Italy",Venice,Veneto,30124,Italy,45.438186246892869,12.318320690629548,"It's hard to decide which is more stunning: Venice's historic architecture, or the network of canals running through it.",active,Italy,Europe
6395182739,Turin,destination,https://daytrip.com/en/transfers/turin-it,https://raw.githubusercontent.com/kubaivanov/pictures/main/meta/italy-50/turin--italy--reddit-square.png,"Turin, Italy",Turin,Piedmont,10121,Italy,45.070312,7.6868564999999993,"Once the home to Italy's royal family, the House of Savoy, Turin is a magnificent city with various artworks from the Renaissance to Art Nouveau periods.",active,Italy,Europe
6395182744,Taormina,destination,https://daytrip.com/en/transfers/taormina-it,https://raw.githubusercontent.com/kubaivanov/pictures/main/meta/italy-50/taormina--italy--reddit-square.png,"98039 Taormina, Province of Messina, Italy",Taormina,Sicily,98039,Italy,37.8516366,15.2853127,Sicily's premier holiday destination is an intoxicating mix of natural beauty and ancient history.,active,Italy,Europe
6395182748,Positano,destination,https://daytrip.com/en/transfers/positano-it,https://raw.githubusercontent.com/kubaivanov/pictures/main/meta/italy-50/positano--italy--reddit-square.png,"84017 Positano, Province of Salerno, Italy",Positano,Campania,84017,Italy,40.6290998,14.4835956,"With its jumble of pastel-colored houses cascading down a cliff to the sea, it's no wonder this romantic resort town is known as the ""postcard of the Amalfi Coast"".",active,Italy,Europe
6395182751,Bologna,destination,https://daytrip.com/en/transfers/bologna-it,https://raw.githubusercontent.com/kubaivanov/pictures/main/meta/italy-50/bologna--italy--reddit-square.png,"Bologna, Italy",Bologna,Emilia-Romagna,40124,Italy,44.494887,11.3426163,"This medieval town in northern Italy is famed for its lively student population, impeccable cuisine, theatre, and nightlife.",active,Italy,Europe
6395182755,Verona,destination,https://daytrip.com/en/transfers/verona-it,https://raw.githubusercontent.com/kubaivanov/pictures/main/meta/italy-50/verona--italy--reddit-square.png,"Verona, Province of Verona, Italy",Verona,Veneto,37121,Italy,45.438384199999987,10.9916215,Fair Verona isn't just the setting for Romeo and Juliet; it's a tragically enchanting riverside city.,active,Italy,Europe
6395182760,Bergamo,destination,https://daytrip.com/en/transfers/bergamo-it,https://raw.githubusercontent.com/kubaivanov/pictures/main/meta/italy-50/bergamo--italy--reddit-square.png,"Bergamo, Province of Bergamo, Italy",Bergamo,Lombardy,24129,Italy,45.6982642,9.6772698,"This alluring city has the classic Italian fair of beautiful buildings and red roofs, but its trademark feature has a rare twist with an elegant charm.",active,Italy,Europe
6395182763,Sorrento,destination,https://daytrip.com/en/transfers/sorrento-it,https://raw.githubusercontent.com/kubaivanov/pictures/main/meta/italy-50/sorrento--italy--reddit-square.png,"80067 Sorrento, Metropolitan City of Naples, Italy",Sorrento,Campania,80067,Italy,40.6262925,14.3757985,All the flavors of the Italian coast are presented in a picturesque package in this historic cliffside city.,active,Italy,Europe
6395182764,Syracuse,destination,https://daytrip.com/en/transfers/syracuse-it,https://raw.githubusercontent.com/kubaivanov/pictures/main/meta/italy-50/syracuse--italy--reddit-square.png,"96100 Syracuse, Province of Syracuse, Italy",Syracuse,Sicily,96100,Italy,37.0754739,15.2865861,"Listed as a UNESCO World Heritage Site, this history-filled city was once the most powerful in the Mediterranean.",active,Italy,Europe
6395182766,Ferrara,destination,https://daytrip.com/en/transfers/ferrara-it,https://raw.githubusercontent.com/kubaivanov/pictures/main/meta/italy-50/ferrara--italy--reddit-square.png,"Ferrara, Province of Ferrara, Italy",Ferrara,Emilia-Romagna,44121,Italy,44.8381237,11.619787,"Europe's first modern city, Ferrara is a spectacular metropolis of art and culture. It blends medieval and Renaissance for a distinctive combination.",active,Italy,Europe
6395182771,Trieste,destination,https://daytrip.com/en/transfers/trieste-it,https://raw.githubusercontent.com/kubaivanov/pictures/main/meta/italy-50/trieste--italy--reddit-square.png,"Trieste, Italy",Trieste,Friuli Venezia Giulia,34121,Italy,45.6495264,13.7768182,"The charming city and seaport of Trieste lies between Latin, Germanic, and Slavic lands. It's surrounded by hills on one side and the Mediterranean on the other. This underrated and often overlooked city has a vibrant, culturally diverse atmosphere with an Eastern-European feel.",active,Italy,Europe
6395182775,San Gimignano,destination,https://daytrip.com/en/transfers/san-gimignano-it,https://raw.githubusercontent.com/kubaivanov/pictures/main/meta/italy-50/san-gimignano--italy--reddit-square.png,"San Gimignano, Province of Siena, Italy",San Gimignano,Tuscany,53037,Italy,43.467621772482005,11.043319702148438,"The meticulously maintained houses, walls, and towers of this UNESCO-protected town will bring you back to the Middle Ages.",active,Italy,Europe
6395182776,Bolzano,destination,https://daytrip.com/en/transfers/bolzano-it,https://raw.githubusercontent.com/kubaivanov/pictures/main/meta/italy-50/bolzano--italy--reddit-square.png,"39100 Bolzano, Province of Bolzano - South Tyrol, Italy",Bolzano,Trentino-Alto Adige,39100,Italy,46.4982953,11.3547582,The city of Bolzano is located in northern Italy on the border with Switzerland and Austria. It blends northern European and Mediterranean culture to form an eclectic bond.,active,Italy,Europe
6395182777,Vicenza,destination,https://daytrip.com/en/transfers/vicenza-it,https://raw.githubusercontent.com/kubaivanov/pictures/main/meta/italy-50/vicenza--italy--reddit-square.png,"36100 Vicenza, Province of Vicenza, Italy",Vicenza,Veneto,36100,Italy,45.5454787,11.5354214,"Producing about a fifth of Italy's gold and jewelry, this city is one of the wealthiest in the country, with an equally rich history.",active,Italy,Europe
6395182784,Catania,destination,https://daytrip.com/en/transfers/catania-it,https://raw.githubusercontent.com/kubaivanov/pictures/main/meta/italy-50/catania--italy--reddit-square.png,"Catania, Province of Catania, Italy",Catania,Sicily,95124,Italy,37.5078772,15.0830304,"Built from grey lava stone, the UNESCO-listed historic center of Sicily's second largest city is a Baroque wonderland.",active,Italy,Europe
6395182785,Mantua,destination,https://daytrip.com/en/transfers/mantua-it,https://raw.githubusercontent.com/kubaivanov/pictures/main/meta/italy-50/mantua--italy--reddit-square.png,"46100 Mantua, Province of Mantua, Italy",Mantua,Lombardy,46100,Italy,45.1564168,10.7913751,"An often overlooked Renaissance gem, the city of Mantova was chosen as the Italian Capital of Culture in 2016.",active,Italy,Europe
6395182787,Genoa,destination,https://daytrip.com/en/transfers/genoa-it,https://raw.githubusercontent.com/kubaivanov/pictures/main/meta/italy-50/genoa--italy--reddit-square.png,"Genoa, Italy",Genoa,Liguria,16124,Italy,44.4056499,8.946256,"Italy's largest seaport, the birthplace of Christopher Columbus is a UNESCO World Heritage Site with one of Europe's biggest historic centers and over 100 opulent palaces.",active,Italy,Europe
6395182788,Milan,destination,https://daytrip.com/en/transfers/milan-it,https://raw.githubusercontent.com/kubaivanov/pictures/main/meta/italy-50/milan--italy--reddit-square.png,"Milan, Italy",Milan,Lombardy,20121,Italy,45.4654219,9.1859243,"Milan is one of the major fashion capitals of the world with fashion, elegance, and money at its core.",active,Italy,Europe
6395182795,Portofino,destination,https://daytrip.com/en/transfers/portofino-it,https://raw.githubusercontent.com/kubaivanov/pictures/main/meta/italy-50/portofino--italy--reddit-square.png,"16034 Portofino, Metropolitan City of Genoa, Italy",Portofino,Liguria,16034,Italy,44.3031559,9.2097879,"Southeast of Genoa, this photogenic city was once a haven for Genoa's growing merchant marine fleet before becoming an aristocratic escape.",active,Italy,Europe
6395182798,Cortina d'Ampezzo,destination,https://daytrip.com/en/transfers/cortina-it,https://raw.githubusercontent.com/kubaivanov/pictures/main/meta/italy-50/cortina-d-ampezzo--italy--reddit-square.png,"32043 Cortina d'Ampezzo, Province of Belluno, Italy",Cortina d'Ampezzo,Veneto,32043,Italy,46.5404711,12.1356524,"In the southern part of the Alps within Italy's border, lies Cortina d'Ampezzo, a winter wonderland with over a 1,000 years of history.",active,Italy,Europe
6395182800,Rome,destination,https://daytrip.com/en/transfers/rome-it,https://raw.githubusercontent.com/kubaivanov/pictures/main/meta/italy-50/rome--italy--reddit-square.png,"Rome, Italy",Rome,Lazio,00186,Italy,41.9027835,12.4963655,"According to Roman mythology, Rome was founded by Romulus in 753 BC after killing his brother Remus over a dispute on which hill their city should be built on. Called the ""Eternal City"" for its long history, and the ""City of Seven Hills"", Rome's nicknames give a clue what to expect. Now home to nearly 3 million people, the Eternal City's long history is well-preserved in its many monuments and museums. Head to the UNESCO-listed city center to find most of Rome's most iconic monuments, like the Colosseum, Foro Romano, and Palatino. Along with its many ancient monuments, Rome was a major Renaissance center and the birthplace of the Baroque style and Neoclassicism. The Trevi Fountain, Sistine Chapel with Michaelangelo's famous ceiling, and Saint Peter's Basilica are all masterpieces. Save time for Rome's museums, like the Vatican Museums, the Musei Capitolini, the Borghese Gallery, and the Palazzo Barberini Galleria Nazionale d'Arte Antica to see the works of Masters up close.",active,Italy,Europe
6395182802,Pisa,destination,https://daytrip.com/en/transfers/pisa-it,https://raw.githubusercontent.com/kubaivanov/pictures/main/meta/italy-50/pisa--italy--reddit-square.png,"Pisa, Province of Pisa, Italy",Pisa,Tuscany,56125,Italy,43.723971121796119,10.397229194641115,"Straddling the River Arno, the Italian city of Pisa has much more to offer than its famous Leaning Tower.",active,Italy,Europe
6395182803,Florence,destination,https://daytrip.com/en/transfers/florence-it,https://raw.githubusercontent.com/kubaivanov/pictures/main/meta/italy-50/florence--italy--reddit-square.png,"Florence, Italy",Florence,Tuscany,50122,Italy,43.7695604,11.2558136,"Florence is one of Europe's great art cities, housing masterpieces by Michelangelo, Donatello, and Botticelli. It's a cultural, architectural, and artistic gem and one of the best-loved cities in the world.",active,Italy,Europe
6395187585,Monopoli,destination,https://daytrip.com/en/transfers/monopoli-it,https://raw.githubusercontent.com/kubaivanov/pictures/main/meta/italy-50/monopoli--italy--reddit-square.png,,Monopoli,Apulia,70043,Italy,40.9525166,17.2985559,,active,Italy,Europe
6395187695,Bari,destination,https://daytrip.com/en/transfers/bari-it,https://raw.githubusercontent.com/kubaivanov/pictures/main/meta/italy-50/bari--italy--reddit-square.png,"Bari, Metropolitan City of Bari, Italy",Bari,Apulia,70122,Italy,41.1171432,16.8718715,,active,Italy,Europe
6395187731,Olbia,destination,https://daytrip.com/en/transfers/olbia-it,https://raw.githubusercontent.com/kubaivanov/pictures/main/meta/italy-50/olbia--italy--reddit-square.png,Olbia,Olbia,Sardinia,07026,Italy,40.923576399999988,9.4964429,,active,Italy,Europe
6395187742,Ostuni,destination,https://daytrip.com/en/transfers/ostuni-it,https://raw.githubusercontent.com/kubaivanov/pictures/main/meta/italy-50/ostuni--italy--reddit-square.png,"72017 Ostuni, BR, Italy",Ostuni,Apulia,72017,Italy,40.7295235,17.5779979,,active,Italy,Europe
6395187771,Cinque Terre,destination,https://daytrip.com/en/transfers/cinque-terre-it,https://raw.githubusercontent.com/kubaivanov/pictures/main/meta/italy-50/cinque-terre--italy--reddit-square.png,"Parco Nazionale delle Cinque Terre, Riomaggiore SP, Italy",Cinque Terre,Liguria,19017,Italy,44.118774656078955,9.7163818270141746,,active,Italy,Europe
6395187785,Trento,destination,https://daytrip.com/en/transfers/trento-it,https://raw.githubusercontent.com/kubaivanov/pictures/main/meta/italy-50/trento--italy--reddit-square.png,"Trento, Province of Trento, Italy",Trento,Trentino-Alto Adige,38122,Italy,46.0747793,11.1217486,,active,Italy,Europe
6395187808,Palermo,destination,https://daytrip.com/en/transfers/palermo-it,https://raw.githubusercontent.com/kubaivanov/pictures/main/meta/italy-50/palermo--italy--reddit-square.png,"Palermo, Province of Palermo, Italy",Palermo,Sicily,90133,Italy,38.1156879,13.3612671,,active,Italy,Europe
6395187827,Cagliari,destination,https://daytrip.com/en/transfers/cagliari-it,https://raw.githubusercontent.com/kubaivanov/pictures/main/meta/italy-50/cagliari--italy--reddit-square.png,Cagliari,Cagliari,Sardinia,09124,Italy,39.2238411,9.1216613,,active,Italy,Europe
6395187841,Rimini,destination,https://daytrip.com/en/transfers/rimini-it,https://raw.githubusercontent.com/kubaivanov/pictures/main/meta/italy-50/rimini--italy--reddit-square.png,"Rimini, Province of Rimini, Italy",Rimini,Emilia-Romagna,47921,Italy,44.0678288,12.5695158,,active,Italy,Europe
6395187843,Amalfi,destination,https://daytrip.com/en/transfers/amalfi-it,https://raw.githubusercontent.com/kubaivanov/pictures/main/meta/italy-50/amalfi--italy--reddit-square.png,"84011 Amalfi SA, Italy",Amalfi,Campania,84011,Italy,40.6340026,14.6026805,,active,Italy,Europe
